date,location,dayLength,dayLengthSeconds
2020-12-20,"Kigali, Rwanda",12:14:17,44057
2020-12-20,"Tromsø, Norway",00:00:00,0
2020-12-20,"Hong Kong",10:45:52,38752
2020-12-20,"Copenhagen",07:01:33,25293
2020-12-20,"Los Angeles",09:53:05,35585
2020-12-20,"Torres del Paine, Chile",16:32:27,59547
2020-12-20,"New York",09:15:19,33319
2020-12-20,"Queenstown, New Zealand",15:37:30,56250
2020-12-20,"Anchorage, Alaska",05:27:33,19653
2020-12-20,"Wells, Maine",08:58:06,32286
2020-12-20,"Cape Town",14:25:01,51901
2020-12-21,"Torres del Paine, Chile",16:32:25,59545
2020-12-21,"Anchorage, Alaska",05:27:39,19659
2020-12-21,"Queenstown, New Zealand",15:37:32,56252
2020-12-21,"Copenhagen",07:01:34,25294
2020-12-21,"Los Angeles",09:53:06,35586
2020-12-21,"Kigali, Rwanda",12:14:18,44058
2020-12-21,"Hong Kong",10:45:52,38752
2020-12-21,"Tromsø, Norway",00:00:00,0
2020-12-21,"New York",09:15:21,33321
2020-12-21,"Wells, Maine",08:58:08,32288
2020-12-21,"Cape Town",14:25:01,51901
2020-12-22,"Queenstown, New Zealand",15:37:29,56249
2020-12-22,"Torres del Paine, Chile",16:32:17,59537
2020-12-22,"Wells, Maine",08:58:14,32294
2020-12-22,"Anchorage, Alaska",05:27:58,19678
2020-12-22,"Los Angeles",09:53:11,35591
2020-12-22,"Hong Kong",10:45:52,38752
2020-12-22,"Tromsø, Norway",00:00:00,0
2020-12-22,"New York",09:15:26,33326
2020-12-22,"Copenhagen",07:01:42,25302
2020-12-22,"Kigali, Rwanda",12:14:18,44058
2020-12-22,"Cape Town",14:24:58,51898
2020-12-23,"Kigali, Rwanda",12:14:17,44057
2020-12-23,"Torres del Paine, Chile",16:32:01,59521
2020-12-23,"Los Angeles",09:53:19,35599
2020-12-23,"Copenhagen",07:02:00,25320
2020-12-23,"New York",09:15:36,33336
2020-12-23,"Wells, Maine",08:58:25,32305
2020-12-23,"Tromsø, Norway",00:00:00,0
2020-12-23,"Queenstown, New Zealand",15:37:21,56241
2020-12-23,"Hong Kong",10:45:56,38756
2020-12-23,"Anchorage, Alaska",05:28:28,19708
2020-12-23,"Cape Town",14:24:52,51892
2020-12-24,"Queenstown, New Zealand",15:37:07,56227
2020-12-24,"Wells, Maine",08:58:39,32319
2020-12-24,"Anchorage, Alaska",05:29:11,19751
2020-12-24,"Los Angeles",09:53:29,35609
2020-12-24,"Cape Town",14:24:42,51882
2020-12-24,"Torres del Paine, Chile",16:31:39,59499
2020-12-24,"Kigali, Rwanda",12:14:17,44057
2020-12-24,"Tromsø, Norway",00:00:00,0
2020-12-24,"New York",09:15:49,33349
2020-12-24,"Copenhagen",07:02:24,25344
2020-12-24,"Hong Kong",10:46:01,38761
2020-12-25,"New York",09:16:06,33366
2020-12-25,"Tromsø, Norway",00:00:00,0
2020-12-25,"Kigali, Rwanda",12:14:16,44056
2020-12-25,"Copenhagen",07:02:57,25377
2020-12-25,"Wells, Maine",08:58:58,32338
2020-12-25,"Cape Town",14:24:29,51869
2020-12-25,"Anchorage, Alaska",05:30:07,19807
2020-12-25,"Torres del Paine, Chile",16:31:11,59471
2020-12-25,"Los Angeles",09:53:43,35623
2020-12-25,"Hong Kong",10:46:08,38768
2020-12-25,"Queenstown, New Zealand",15:36:48,56208
2020-12-26,"New York",09:16:28,33388
2020-12-26,"Cape Town",14:24:13,51853
2020-12-26,"Torres del Paine, Chile",16:30:35,59435
2020-12-26,"Anchorage, Alaska",05:31:14,19874
2020-12-26,"Wells, Maine",08:59:23,32363
2020-12-26,"Los Angeles",09:53:59,35639
2020-12-26,"Tromsø, Norway",00:00:00,0
2020-12-26,"Queenstown, New Zealand",15:36:25,56185
2020-12-26,"Copenhagen",07:03:38,25418
2020-12-26,"Hong Kong",10:46:16,38776
2020-12-26,"Kigali, Rwanda",12:14:14,44054
2020-12-27,"Wells, Maine",08:59:51,32391
2020-12-27,"New York",09:16:53,33413
2020-12-27,"Torres del Paine, Chile",16:29:53,59393
2020-12-27,"Queenstown, New Zealand",15:35:57,56157
2020-12-27,"Hong Kong",10:46:27,38787
2020-12-27,"Los Angeles",09:54:20,35660
2020-12-27,"Copenhagen",07:04:27,25467
2020-12-27,"Anchorage, Alaska",05:32:33,19953
2020-12-27,"Tromsø, Norway",00:00:00,0
2020-12-27,"Kigali, Rwanda",12:14:14,44054
2020-12-27,"Cape Town",14:23:53,51833
2020-12-28,"Queenstown, New Zealand",15:35:23,56123
2020-12-28,"Copenhagen",07:05:25,25525
2020-12-28,"Wells, Maine",09:00:24,32424
2020-12-28,"Anchorage, Alaska",05:34:04,20044
2020-12-28,"Tromsø, Norway",00:00:00,0
2020-12-28,"Los Angeles",09:54:42,35682
2020-12-28,"Hong Kong",10:46:39,38799
2020-12-28,"Kigali, Rwanda",12:14:13,44053
2020-12-28,"Torres del Paine, Chile",16:29:05,59345
2020-12-28,"Cape Town",14:23:31,51811
2020-12-28,"New York",09:17:23,33443
2020-12-29,"Anchorage, Alaska",05:35:46,20146
2020-12-29,"Wells, Maine",09:01:01,32461
2020-12-29,"Los Angeles",09:55:08,35708
2020-12-29,"Copenhagen",07:06:29,25589
2020-12-29,"Hong Kong",10:46:54,38814
2020-12-29,"Cape Town",14:23:06,51786
2020-12-29,"Kigali, Rwanda",12:14:11,44051
2020-12-29,"New York",09:17:57,33477
2020-12-29,"Torres del Paine, Chile",16:28:10,59290
2020-12-29,"Tromsø, Norway",00:00:00,0
2020-12-29,"Queenstown, New Zealand",15:34:45,56085
2020-12-30,"Anchorage, Alaska",05:37:40,20260
2020-12-30,"Torres del Paine, Chile",16:27:09,59229
2020-12-30,"Kigali, Rwanda",12:14:09,44049
2020-12-30,"Tromsø, Norway",00:00:00,0
2020-12-30,"Los Angeles",09:55:37,35737
2020-12-30,"New York",09:18:34,33514
2020-12-30,"Hong Kong",10:47:09,38829
2020-12-30,"Queenstown, New Zealand",15:34:02,56042
2020-12-30,"Wells, Maine",09:01:42,32502
2020-12-30,"Copenhagen",07:07:42,25662
2020-12-30,"Cape Town",14:22:37,51757
2020-12-31,"Torres del Paine, Chile",16:26:01,59161
2020-12-31,"Los Angeles",09:56:10,35770
2020-12-31,"Tromsø, Norway",00:00:00,0
2020-12-31,"Hong Kong",10:47:28,38848
2020-12-31,"New York",09:19:15,33555
2020-12-31,"Wells, Maine",09:02:28,32548
2020-12-31,"Queenstown, New Zealand",15:33:14,55994
2020-12-31,"Kigali, Rwanda",12:14:08,44048
2020-12-31,"Copenhagen",07:09:02,25742
2020-12-31,"Anchorage, Alaska",05:39:44,20384
2020-12-31,"Cape Town",14:22:06,51726
2021-01-01,"Tromsø, Norway",00:00:00,0
2021-01-01,"Kigali, Rwanda",12:14:06,44046
2021-01-01,"Copenhagen",07:10:30,25830
2021-01-01,"Wells, Maine",09:03:18,32598
2021-01-01,"Los Angeles",09:56:44,35804
2021-01-01,"Hong Kong",10:47:47,38867
2021-01-01,"Queenstown, New Zealand",15:32:21,55941
2021-01-01,"Anchorage, Alaska",05:41:59,20519
2021-01-01,"Torres del Paine, Chile",16:24:48,59088
2021-01-01,"Cape Town",14:21:31,51691
2021-01-01,"New York",09:20:00,33600
2021-01-02,"Torres del Paine, Chile",16:23:27,59007
2021-01-02,"Hong Kong",10:48:08,38888
2021-01-02,"Cape Town",14:20:54,51654
2021-01-02,"Tromsø, Norway",00:00:00,0
2021-01-02,"New York",09:20:49,33649
2021-01-02,"Los Angeles",09:57:22,35842
2021-01-02,"Kigali, Rwanda",12:14:04,44044
2021-01-02,"Queenstown, New Zealand",15:31:24,55884
2021-01-02,"Copenhagen",07:12:06,25926
2021-01-02,"Wells, Maine",09:04:12,32652
2021-01-02,"Anchorage, Alaska",05:44:25,20665
2021-01-03,"Copenhagen",07:13:48,26028
2021-01-03,"Los Angeles",09:58:02,35882
2021-01-03,"Queenstown, New Zealand",15:30:21,55821
2021-01-03,"Wells, Maine",09:05:11,32711
2021-01-03,"Hong Kong",10:48:31,38911
2021-01-03,"Tromsø, Norway",00:00:00,0
2021-01-03,"Cape Town",14:20:13,51613
2021-01-03,"Torres del Paine, Chile",16:22:02,58922
2021-01-03,"Anchorage, Alaska",05:47:00,20820
2021-01-03,"Kigali, Rwanda",12:14:01,44041
2021-01-03,"New York",09:21:41,33701
2021-01-04,"Los Angeles",09:58:46,35926
2021-01-04,"Wells, Maine",09:06:14,32774
2021-01-04,"Kigali, Rwanda",12:13:59,44039
2021-01-04,"Copenhagen",07:15:37,26137
2021-01-04,"Anchorage, Alaska",05:49:46,20986
2021-01-04,"Queenstown, New Zealand",15:29:14,55754
2021-01-04,"Hong Kong",10:48:56,38936
2021-01-04,"Torres del Paine, Chile",16:20:30,58830
2021-01-04,"Cape Town",14:19:29,51569
2021-01-04,"Tromsø, Norway",00:00:00,0
2021-01-04,"New York",09:22:38,33758
2021-01-05,"Los Angeles",09:59:33,35973
2021-01-05,"Copenhagen",07:17:34,26254
2021-01-05,"Wells, Maine",09:07:21,32841
2021-01-05,"Kigali, Rwanda",12:13:56,44036
2021-01-05,"Cape Town",14:18:42,51522
2021-01-05,"Hong Kong",10:49:23,38963
2021-01-05,"Tromsø, Norway",00:00:00,0
2021-01-05,"New York",09:23:38,33818
2021-01-05,"Torres del Paine, Chile",16:18:52,58732
2021-01-05,"Anchorage, Alaska",05:52:41,21161
2021-01-05,"Queenstown, New Zealand",15:28:03,55683
2021-01-06,"Copenhagen",07:19:38,26378
2021-01-06,"Wells, Maine",09:08:31,32911
2021-01-06,"Los Angeles",10:00:21,36021
2021-01-06,"Cape Town",14:17:53,51473
2021-01-06,"Torres del Paine, Chile",16:17:09,58629
2021-01-06,"Anchorage, Alaska",05:55:46,21346
2021-01-06,"Hong Kong",10:49:50,38990
2021-01-06,"Queenstown, New Zealand",15:26:47,55607
2021-01-06,"New York",09:24:42,33882
2021-01-06,"Tromsø, Norway",00:00:00,0
2021-01-06,"Kigali, Rwanda",12:13:54,44034
2021-01-07,"Hong Kong",10:50:20,39020
2021-01-07,"Kigali, Rwanda",12:13:50,44030
2021-01-07,"Copenhagen",07:21:48,26508
2021-01-07,"Wells, Maine",09:09:46,32986
2021-01-07,"Torres del Paine, Chile",16:15:20,58520
2021-01-07,"Los Angeles",10:01:13,36073
2021-01-07,"Queenstown, New Zealand",15:25:26,55526
2021-01-07,"Anchorage, Alaska",05:58:59,21539
2021-01-07,"New York",09:25:49,33949
2021-01-07,"Tromsø, Norway",00:00:00,0
2021-01-07,"Cape Town",14:17:01,51421
2021-01-08,"Queenstown, New Zealand",15:24:02,55442
2021-01-08,"Hong Kong",10:50:52,39052
2021-01-08,"Wells, Maine",09:11:05,33065
2021-01-08,"Cape Town",14:16:06,51366
2021-01-08,"Copenhagen",07:24:05,26645
2021-01-08,"Anchorage, Alaska",06:02:21,21741
2021-01-08,"Tromsø, Norway",00:00:00,0
2021-01-08,"New York",09:26:59,34019
2021-01-08,"Los Angeles",10:02:08,36128
2021-01-08,"Kigali, Rwanda",12:13:48,44028
2021-01-08,"Torres del Paine, Chile",16:13:26,58406
2021-01-09,"Queenstown, New Zealand",15:22:33,55353
2021-01-09,"Kigali, Rwanda",12:13:45,44025
2021-01-09,"Cape Town",14:15:09,51309
2021-01-09,"Tromsø, Norway",00:00:00,0
2021-01-09,"New York",09:28:14,34094
2021-01-09,"Anchorage, Alaska",06:05:52,21952
2021-01-09,"Los Angeles",10:03:05,36185
2021-01-09,"Hong Kong",10:51:24,39084
2021-01-09,"Torres del Paine, Chile",16:11:26,58286
2021-01-09,"Wells, Maine",09:12:27,33147
2021-01-09,"Copenhagen",07:26:27,26787
2021-01-10,"Anchorage, Alaska",06:09:29,22169
2021-01-10,"Hong Kong",10:51:58,39118
2021-01-10,"Los Angeles",10:04:04,36244
2021-01-10,"Cape Town",14:14:08,51248
2021-01-10,"Kigali, Rwanda",12:13:41,44021
2021-01-10,"Wells, Maine",09:13:53,33233
2021-01-10,"Torres del Paine, Chile",16:09:22,58162
2021-01-10,"New York",09:29:32,34172
2021-01-10,"Tromsø, Norway",00:00:00,0
2021-01-10,"Copenhagen",07:28:57,26937
2021-01-10,"Queenstown, New Zealand",15:21:01,55261
2021-01-11,"Queenstown, New Zealand",15:19:23,55163
2021-01-11,"Kigali, Rwanda",12:13:38,44018
2021-01-11,"Copenhagen",07:31:32,27092
2021-01-11,"Wells, Maine",09:15:22,33322
2021-01-11,"Hong Kong",10:52:35,39155
2021-01-11,"Tromsø, Norway",00:00:00,0
2021-01-11,"Cape Town",14:13:05,51185
2021-01-11,"Los Angeles",10:05:07,36307
2021-01-11,"New York",09:30:52,34252
2021-01-11,"Torres del Paine, Chile",16:07:11,58031
2021-01-11,"Anchorage, Alaska",06:13:15,22395
2021-01-12,"Torres del Paine, Chile",16:04:57,57897
2021-01-12,"Hong Kong",10:53:13,39193
2021-01-12,"Cape Town",14:12:00,51120
2021-01-12,"Anchorage, Alaska",06:17:09,22629
2021-01-12,"Kigali, Rwanda",12:13:34,44014
2021-01-12,"Copenhagen",07:34:13,27253
2021-01-12,"Los Angeles",10:06:11,36371
2021-01-12,"Queenstown, New Zealand",15:17:42,55062
2021-01-12,"New York",09:32:16,34336
2021-01-12,"Tromsø, Norway",00:00:00,0
2021-01-12,"Wells, Maine",09:16:55,33415
2021-01-13,"New York",09:33:44,34424
2021-01-13,"Queenstown, New Zealand",15:15:57,54957
2021-01-13,"Kigali, Rwanda",12:13:30,44010
2021-01-13,"Hong Kong",10:53:51,39231
2021-01-13,"Copenhagen",07:37:00,27420
2021-01-13,"Anchorage, Alaska",06:21:08,22868
2021-01-13,"Tromsø, Norway",00:00:00,0
2021-01-13,"Wells, Maine",09:18:32,33512
2021-01-13,"Cape Town",14:10:52,51052
2021-01-13,"Torres del Paine, Chile",16:02:38,57758
2021-01-13,"Los Angeles",10:07:19,36439
2021-01-14,"Los Angeles",10:08:28,36508
2021-01-14,"Kigali, Rwanda",12:13:26,44006
2021-01-14,"Wells, Maine",09:20:12,33612
2021-01-14,"Hong Kong",10:54:31,39271
2021-01-14,"Tromsø, Norway",00:41:44,2504
2021-01-14,"Queenstown, New Zealand",15:14:09,54849
2021-01-14,"Copenhagen",07:39:53,27593
2021-01-14,"New York",09:35:13,34513
2021-01-14,"Cape Town",14:09:41,50981
2021-01-14,"Anchorage, Alaska",06:25:15,23115
2021-01-14,"Torres del Paine, Chile",16:00:13,57613
2021-01-15,"Los Angeles",10:09:40,36580
2021-01-15,"Hong Kong",10:55:13,39313
2021-01-15,"Copenhagen",07:42:49,27769
2021-01-15,"Wells, Maine",09:21:56,33716
2021-01-15,"New York",09:36:46,34606
2021-01-15,"Torres del Paine, Chile",15:57:45,57465
2021-01-15,"Queenstown, New Zealand",15:12:16,54736
2021-01-15,"Kigali, Rwanda",12:13:22,44002
2021-01-15,"Cape Town",14:08:29,50909
2021-01-15,"Tromsø, Norway",01:17:17,4637
2021-01-15,"Anchorage, Alaska",06:29:28,23368
2021-01-16,"Kigali, Rwanda",12:13:18,43998
2021-01-16,"Torres del Paine, Chile",15:55:11,57311
2021-01-16,"Copenhagen",07:45:53,27953
2021-01-16,"Cape Town",14:07:14,50834
2021-01-16,"Hong Kong",10:55:56,39356
2021-01-16,"Tromsø, Norway",01:41:47,6107
2021-01-16,"Los Angeles",10:10:55,36655
2021-01-16,"Anchorage, Alaska",06:33:48,23628
2021-01-16,"New York",09:38:22,34702
2021-01-16,"Wells, Maine",09:23:42,33822
2021-01-16,"Queenstown, New Zealand",15:10:21,54621
2021-01-17,"Wells, Maine",09:25:32,33932
2021-01-17,"Kigali, Rwanda",12:13:13,43993
2021-01-17,"Copenhagen",07:49:00,28140
2021-01-17,"Torres del Paine, Chile",15:52:35,57155
2021-01-17,"New York",09:40:01,34801
2021-01-17,"Tromsø, Norway",02:02:04,7324
2021-01-17,"Cape Town",14:05:56,50756
2021-01-17,"Hong Kong",10:56:41,39401
2021-01-17,"Queenstown, New Zealand",15:08:22,54502
2021-01-17,"Los Angeles",10:12:11,36731
2021-01-17,"Anchorage, Alaska",06:38:12,23892
2021-01-18,"Hong Kong",10:57:27,39447
2021-01-18,"Queenstown, New Zealand",15:06:18,54378
2021-01-18,"Copenhagen",07:52:12,28332
2021-01-18,"Wells, Maine",09:27:24,34044
2021-01-18,"Kigali, Rwanda",12:13:09,43989
2021-01-18,"Tromsø, Norway",02:19:57,8397
2021-01-18,"Los Angeles",10:13:29,36809
2021-01-18,"New York",09:41:44,34904
2021-01-18,"Anchorage, Alaska",06:42:43,24163
2021-01-18,"Torres del Paine, Chile",15:49:53,56993
2021-01-18,"Cape Town",14:04:36,50676
2021-01-19,"Los Angeles",10:14:50,36890
2021-01-19,"Torres del Paine, Chile",15:47:08,56828
2021-01-19,"Hong Kong",10:58:14,39494
2021-01-19,"Kigali, Rwanda",12:13:04,43984
2021-01-19,"Queenstown, New Zealand",15:04:13,54253
2021-01-19,"Wells, Maine",09:29:20,34160
2021-01-19,"Tromsø, Norway",02:36:18,9378
2021-01-19,"Cape Town",14:03:14,50594
2021-01-19,"New York",09:43:28,35008
2021-01-19,"Anchorage, Alaska",06:47:18,24438
2021-01-19,"Copenhagen",07:55:29,28529
2021-01-20,"Wells, Maine",09:31:19,34279
2021-01-20,"Copenhagen",07:58:50,28730
2021-01-20,"Hong Kong",10:59:03,39543
2021-01-20,"Anchorage, Alaska",06:51:58,24718
2021-01-20,"Los Angeles",10:16:13,36973
2021-01-20,"Queenstown, New Zealand",15:02:04,54124
2021-01-20,"Cape Town",14:01:51,50511
2021-01-20,"Tromsø, Norway",02:51:32,10292
2021-01-20,"Torres del Paine, Chile",15:44:19,56659
2021-01-20,"New York",09:45:16,35116
2021-01-20,"Kigali, Rwanda",12:12:59,43979
2021-01-21,"Tromsø, Norway",03:05:55,11155
2021-01-21,"Hong Kong",10:59:53,39593
2021-01-21,"Wells, Maine",09:33:20,34400
2021-01-21,"Cape Town",14:00:24,50424
2021-01-21,"Anchorage, Alaska",06:56:43,25003
2021-01-21,"Queenstown, New Zealand",14:59:52,53992
2021-01-21,"Torres del Paine, Chile",15:41:27,56487
2021-01-21,"Kigali, Rwanda",12:12:54,43974
2021-01-21,"Copenhagen",08:02:15,28935
2021-01-21,"New York",09:47:05,35225
2021-01-21,"Los Angeles",10:17:37,37057
2021-01-22,"New York",09:48:57,35337
2021-01-22,"Los Angeles",10:19:04,37144
2021-01-22,"Copenhagen",08:05:45,29145
2021-01-22,"Kigali, Rwanda",12:12:50,43970
2021-01-22,"Queenstown, New Zealand",14:57:36,53856
2021-01-22,"Hong Kong",11:00:44,39644
2021-01-22,"Cape Town",13:58:56,50336
2021-01-22,"Torres del Paine, Chile",15:38:30,56310
2021-01-22,"Anchorage, Alaska",07:01:32,25292
2021-01-22,"Tromsø, Norway",03:19:37,11977
2021-01-22,"Wells, Maine",09:35:24,34524
2021-01-23,"Copenhagen",08:09:19,29359
2021-01-23,"Torres del Paine, Chile",15:35:30,56130
2021-01-23,"Kigali, Rwanda",12:12:44,43964
2021-01-23,"Wells, Maine",09:37:31,34651
2021-01-23,"Hong Kong",11:01:37,39697
2021-01-23,"Queenstown, New Zealand",14:55:18,53718
2021-01-23,"Los Angeles",10:20:33,37233
2021-01-23,"New York",09:50:52,35452
2021-01-23,"Tromsø, Norway",03:32:47,12767
2021-01-23,"Anchorage, Alaska",07:06:25,25585
2021-01-23,"Cape Town",13:57:27,50247
2021-01-24,"Anchorage, Alaska",07:11:22,25882
2021-01-24,"Tromsø, Norway",03:45:29,13529
2021-01-24,"Cape Town",13:55:54,50154
2021-01-24,"Torres del Paine, Chile",15:32:28,55948
2021-01-24,"Copenhagen",08:12:55,29575
2021-01-24,"Kigali, Rwanda",12:12:39,43959
2021-01-24,"Queenstown, New Zealand",14:52:57,53577
2021-01-24,"Los Angeles",10:22:03,37323
2021-01-24,"Hong Kong",11:02:30,39750
2021-01-24,"Wells, Maine",09:39:41,34781
2021-01-24,"New York",09:52:49,35569
2021-01-25,"Queenstown, New Zealand",14:50:33,53433
2021-01-25,"Los Angeles",10:23:35,37415
2021-01-25,"Copenhagen",08:16:36,29796
2021-01-25,"Cape Town",13:54:21,50061
2021-01-25,"Hong Kong",11:03:25,39805
2021-01-25,"Wells, Maine",09:41:52,34912
2021-01-25,"New York",09:54:48,35688
2021-01-25,"Tromsø, Norway",03:57:50,14270
2021-01-25,"Kigali, Rwanda",12:12:34,43954
2021-01-25,"Anchorage, Alaska",07:16:23,26183
2021-01-25,"Torres del Paine, Chile",15:29:22,55762
2021-01-26,"Los Angeles",10:25:10,37510
2021-01-26,"Wells, Maine",09:44:06,35046
2021-01-26,"Anchorage, Alaska",07:21:27,26487
2021-01-26,"Copenhagen",08:20:21,30021
2021-01-26,"Kigali, Rwanda",12:12:29,43949
2021-01-26,"Queenstown, New Zealand",14:48:07,53287
2021-01-26,"Tromsø, Norway",04:09:51,14991
2021-01-26,"New York",09:56:49,35809
2021-01-26,"Torres del Paine, Chile",15:26:13,55573
2021-01-26,"Hong Kong",11:04:20,39860
2021-01-26,"Cape Town",13:52:46,49966
2021-01-27,"Anchorage, Alaska",07:26:34,26794
2021-01-27,"New York",09:58:52,35932
2021-01-27,"Kigali, Rwanda",12:12:23,43943
2021-01-27,"Hong Kong",11:05:16,39916
2021-01-27,"Cape Town",13:51:09,49869
2021-01-27,"Wells, Maine",09:46:23,35183
2021-01-27,"Torres del Paine, Chile",15:23:02,55382
2021-01-27,"Copenhagen",08:24:07,30247
2021-01-27,"Tromsø, Norway",04:21:33,15693
2021-01-27,"Los Angeles",10:26:45,37605
2021-01-27,"Queenstown, New Zealand",14:45:39,53139
2021-01-28,"Cape Town",13:49:30,49770
2021-01-28,"Copenhagen",08:27:58,30478
2021-01-28,"Queenstown, New Zealand",14:43:08,52988
2021-01-28,"Hong Kong",11:06:15,39975
2021-01-28,"Kigali, Rwanda",12:12:18,43938
2021-01-28,"Wells, Maine",09:48:41,35321
2021-01-28,"Los Angeles",10:28:22,37702
2021-01-28,"Anchorage, Alaska",07:31:45,27105
2021-01-28,"Torres del Paine, Chile",15:19:47,55187
2021-01-28,"Tromsø, Norway",04:33:01,16381
2021-01-28,"New York",10:00:58,36058
2021-01-29,"Anchorage, Alaska",07:36:59,27419
2021-01-29,"Copenhagen",08:31:51,30711
2021-01-29,"Torres del Paine, Chile",15:16:30,54990
2021-01-29,"Cape Town",13:47:50,49670
2021-01-29,"Kigali, Rwanda",12:12:12,43932
2021-01-29,"Tromsø, Norway",04:44:17,17057
2021-01-29,"Queenstown, New Zealand",14:40:35,52835
2021-01-29,"New York",10:03:05,36185
2021-01-29,"Wells, Maine",09:51:01,35461
2021-01-29,"Los Angeles",10:30:02,37802
2021-01-29,"Hong Kong",11:07:12,40032
2021-01-30,"Kigali, Rwanda",12:12:06,43926
2021-01-30,"Los Angeles",10:31:42,37902
2021-01-30,"Anchorage, Alaska",07:42:15,27735
2021-01-30,"Copenhagen",08:35:48,30948
2021-01-30,"Queenstown, New Zealand",14:37:59,52679
2021-01-30,"Torres del Paine, Chile",15:13:10,54790
2021-01-30,"Cape Town",13:46:08,49568
2021-01-30,"Hong Kong",11:08:13,40093
2021-01-30,"Tromsø, Norway",04:55:20,17720
2021-01-30,"Wells, Maine",09:53:25,35605
2021-01-30,"New York",10:05:15,36315
2021-01-31,"Copenhagen",08:39:47,31187
2021-01-31,"Los Angeles",10:33:24,38004
2021-01-31,"Kigali, Rwanda",12:12:01,43921
2021-01-31,"Cape Town",13:44:24,49464
2021-01-31,"Tromsø, Norway",05:06:11,18371
2021-01-31,"Wells, Maine",09:55:50,35750
2021-01-31,"Anchorage, Alaska",07:47:33,28053
2021-01-31,"Torres del Paine, Chile",15:09:49,54589
2021-01-31,"Hong Kong",11:09:13,40153
2021-01-31,"New York",10:07:26,36446
2021-01-31,"Queenstown, New Zealand",14:35:22,52522
2021-02-01,"Wells, Maine",09:58:17,35897
2021-02-01,"Copenhagen",08:43:48,31428
2021-02-01,"Hong Kong",11:10:14,40214
2021-02-01,"Torres del Paine, Chile",15:06:24,54384
2021-02-01,"Queenstown, New Zealand",14:32:42,52362
2021-02-01,"Kigali, Rwanda",12:11:55,43915
2021-02-01,"Los Angeles",10:35:07,38107
2021-02-01,"New York",10:09:39,36579
2021-02-01,"Anchorage, Alaska",07:52:54,28374
2021-02-01,"Cape Town",13:42:40,49360
2021-02-01,"Tromsø, Norway",05:16:54,19014
2021-02-02,"Hong Kong",11:11:17,40277
2021-02-02,"New York",10:11:53,36713
2021-02-02,"Tromsø, Norway",05:27:27,19647
2021-02-02,"Anchorage, Alaska",07:58:17,28697
2021-02-02,"Queenstown, New Zealand",14:30:01,52201
2021-02-02,"Torres del Paine, Chile",15:02:58,54178
2021-02-02,"Cape Town",13:40:54,49254
2021-02-02,"Los Angeles",10:36:51,38211
2021-02-02,"Kigali, Rwanda",12:11:49,43909
2021-02-02,"Wells, Maine",10:00:45,36045
2021-02-02,"Copenhagen",08:47:52,31672
2021-02-03,"Copenhagen",08:51:58,31918
2021-02-03,"Los Angeles",10:38:38,38318
2021-02-03,"Hong Kong",11:12:19,40339
2021-02-03,"Cape Town",13:39:07,49147
2021-02-03,"Torres del Paine, Chile",14:59:29,53969
2021-02-03,"Kigali, Rwanda",12:11:43,43903
2021-02-03,"New York",10:14:10,36850
2021-02-03,"Anchorage, Alaska",08:03:42,29022
2021-02-03,"Wells, Maine",10:03:15,36195
2021-02-03,"Queenstown, New Zealand",14:27:18,52038
2021-02-03,"Tromsø, Norway",05:37:52,20272
2021-02-04,"Torres del Paine, Chile",14:55:59,53759
2021-02-04,"Hong Kong",11:13:24,40404
2021-02-04,"Queenstown, New Zealand",14:24:32,51872
2021-02-04,"New York",10:16:27,36987
2021-02-04,"Wells, Maine",10:05:47,36347
2021-02-04,"Kigali, Rwanda",12:11:37,43897
2021-02-04,"Tromsø, Norway",05:48:09,20889
2021-02-04,"Copenhagen",08:56:07,32167
2021-02-04,"Los Angeles",10:40:24,38424
2021-02-04,"Cape Town",13:37:18,49038
2021-02-04,"Anchorage, Alaska",08:09:08,29348
2021-02-05,"Kigali, Rwanda",12:11:30,43890
2021-02-05,"Anchorage, Alaska",08:14:37,29677
2021-02-05,"Hong Kong",11:14:28,40468
2021-02-05,"Tromsø, Norway",05:58:20,21500
2021-02-05,"Wells, Maine",10:08:21,36501
2021-02-05,"Copenhagen",09:00:17,32417
2021-02-05,"New York",10:18:47,37127
2021-02-05,"Cape Town",13:35:29,48929
2021-02-05,"Torres del Paine, Chile",14:52:28,53548
2021-02-05,"Queenstown, New Zealand",14:21:45,51705
2021-02-05,"Los Angeles",10:42:13,38533
2021-02-06,"Kigali, Rwanda",12:11:24,43884
2021-02-06,"Tromsø, Norway",06:08:24,22104
2021-02-06,"Los Angeles",10:44:03,38643
2021-02-06,"Copenhagen",09:04:29,32669
2021-02-06,"Cape Town",13:33:38,48818
2021-02-06,"Hong Kong",11:15:34,40534
2021-02-06,"Wells, Maine",10:10:56,36656
2021-02-06,"Torres del Paine, Chile",14:48:54,53334
2021-02-06,"Anchorage, Alaska",08:20:07,30007
2021-02-06,"Queenstown, New Zealand",14:18:57,51537
2021-02-06,"New York",10:21:08,37268
2021-02-07,"Kigali, Rwanda",12:11:18,43878
2021-02-07,"Wells, Maine",10:13:33,36813
2021-02-07,"Queenstown, New Zealand",14:16:07,51367
2021-02-07,"Los Angeles",10:45:53,38753
2021-02-07,"New York",10:23:30,37410
2021-02-07,"Anchorage, Alaska",08:25:38,30338
2021-02-07,"Cape Town",13:31:46,48706
2021-02-07,"Tromsø, Norway",06:18:23,22703
2021-02-07,"Torres del Paine, Chile",14:45:18,53118
2021-02-07,"Hong Kong",11:16:40,40600
2021-02-07,"Copenhagen",09:08:43,32923
2021-02-08,"Cape Town",13:29:52,48592
2021-02-08,"Kigali, Rwanda",12:11:12,43872
2021-02-08,"Los Angeles",10:47:44,38864
2021-02-08,"Anchorage, Alaska",08:31:11,30671
2021-02-08,"Copenhagen",09:12:59,33179
2021-02-08,"Wells, Maine",10:16:11,36971
2021-02-08,"Tromsø, Norway",06:28:15,23295
2021-02-08,"Torres del Paine, Chile",14:41:42,52902
2021-02-08,"Queenstown, New Zealand",14:13:15,51195
2021-02-08,"Hong Kong",11:17:47,40667
2021-02-08,"New York",10:25:54,37554
2021-02-09,"Cape Town",13:27:59,48479
2021-02-09,"New York",10:28:18,37698
2021-02-09,"Torres del Paine, Chile",14:38:03,52683
2021-02-09,"Hong Kong",11:18:54,40734
2021-02-09,"Los Angeles",10:49:38,38978
2021-02-09,"Queenstown, New Zealand",14:10:22,51022
2021-02-09,"Wells, Maine",10:18:50,37130
2021-02-09,"Kigali, Rwanda",12:11:06,43866
2021-02-09,"Anchorage, Alaska",08:36:46,31006
2021-02-09,"Copenhagen",09:17:17,33437
2021-02-09,"Tromsø, Norway",06:38:02,23882
2021-02-10,"Kigali, Rwanda",12:10:59,43859
2021-02-10,"New York",10:30:44,37844
2021-02-10,"Wells, Maine",10:21:30,37290
2021-02-10,"Queenstown, New Zealand",14:07:28,50848
2021-02-10,"Hong Kong",11:20:03,40803
2021-02-10,"Torres del Paine, Chile",14:34:23,52463
2021-02-10,"Copenhagen",09:21:36,33696
2021-02-10,"Cape Town",13:26:04,48364
2021-02-10,"Los Angeles",10:51:31,39091
2021-02-10,"Tromsø, Norway",06:47:43,24463
2021-02-10,"Anchorage, Alaska",08:42:21,31341
2021-02-11,"Los Angeles",10:53:26,39206
2021-02-11,"Copenhagen",09:25:56,33956
2021-02-11,"Tromsø, Norway",06:57:21,25041
2021-02-11,"Kigali, Rwanda",12:10:53,43853
2021-02-11,"Wells, Maine",10:24:13,37453
2021-02-11,"Hong Kong",11:21:11,40871
2021-02-11,"Anchorage, Alaska",08:47:58,31678
2021-02-11,"Cape Town",13:24:07,48247
2021-02-11,"Torres del Paine, Chile",14:30:42,52242
2021-02-11,"New York",10:33:12,37992
2021-02-11,"Queenstown, New Zealand",14:04:33,50673
2021-02-12,"Torres del Paine, Chile",14:27:00,52020
2021-02-12,"New York",10:35:40,38140
2021-02-12,"Kigali, Rwanda",12:10:47,43847
2021-02-12,"Wells, Maine",10:26:55,37615
2021-02-12,"Los Angeles",10:55:21,39321
2021-02-12,"Tromsø, Norway",07:06:54,25614
2021-02-12,"Anchorage, Alaska",08:53:35,32015
2021-02-12,"Queenstown, New Zealand",14:01:36,50496
2021-02-12,"Hong Kong",11:22:21,40941
2021-02-12,"Copenhagen",09:30:18,34218
2021-02-12,"Cape Town",13:22:10,48130
2021-02-13,"Wells, Maine",10:29:40,37780
2021-02-13,"Los Angeles",10:57:17,39437
2021-02-13,"Tromsø, Norway",07:16:23,26183
2021-02-13,"Copenhagen",09:34:41,34481
2021-02-13,"Hong Kong",11:23:30,41010
2021-02-13,"Torres del Paine, Chile",14:23:16,51796
2021-02-13,"New York",10:38:09,38289
2021-02-13,"Queenstown, New Zealand",13:58:38,50318
2021-02-13,"Anchorage, Alaska",08:59:14,32354
2021-02-13,"Cape Town",13:20:12,48012
2021-02-13,"Kigali, Rwanda",12:10:40,43840
2021-02-14,"Los Angeles",10:59:15,39555
2021-02-14,"Copenhagen",09:39:06,34746
2021-02-14,"Wells, Maine",10:32:26,37946
2021-02-14,"Cape Town",13:18:14,47894
2021-02-14,"Hong Kong",11:24:41,41081
2021-02-14,"Tromsø, Norway",07:25:47,26747
2021-02-14,"New York",10:40:40,38440
2021-02-14,"Kigali, Rwanda",12:10:33,43833
2021-02-14,"Torres del Paine, Chile",14:19:32,51572
2021-02-14,"Anchorage, Alaska",09:04:52,32692
2021-02-14,"Queenstown, New Zealand",13:55:39,50139
2021-02-15,"Queenstown, New Zealand",13:52:39,49959
2021-02-15,"Wells, Maine",10:35:11,38111
2021-02-15,"Tromsø, Norway",07:35:08,27308
2021-02-15,"Torres del Paine, Chile",14:15:46,51346
2021-02-15,"Cape Town",13:16:15,47775
2021-02-15,"New York",10:43:11,38591
2021-02-15,"Copenhagen",09:43:32,35012
2021-02-15,"Hong Kong",11:25:52,41152
2021-02-15,"Anchorage, Alaska",09:10:33,33033
2021-02-15,"Los Angeles",11:01:13,39673
2021-02-15,"Kigali, Rwanda",12:10:27,43827
2021-02-16,"Queenstown, New Zealand",13:49:38,49778
2021-02-16,"New York",10:45:43,38743
2021-02-16,"Cape Town",13:14:15,47655
2021-02-16,"Tromsø, Norway",07:44:26,27866
2021-02-16,"Copenhagen",09:47:58,35278
2021-02-16,"Wells, Maine",10:37:59,38279
2021-02-16,"Hong Kong",11:27:04,41224
2021-02-16,"Los Angeles",11:03:12,39792
2021-02-16,"Torres del Paine, Chile",14:12:00,51120
2021-02-16,"Kigali, Rwanda",12:10:21,43821
2021-02-16,"Anchorage, Alaska",09:16:13,33373
2021-02-17,"Wells, Maine",10:40:47,38447
2021-02-17,"Copenhagen",09:52:26,35546
2021-02-17,"Torres del Paine, Chile",14:08:12,50892
2021-02-17,"New York",10:48:16,38896
2021-02-17,"Hong Kong",11:28:16,41296
2021-02-17,"Cape Town",13:12:14,47534
2021-02-17,"Queenstown, New Zealand",13:46:37,49597
2021-02-17,"Anchorage, Alaska",09:21:54,33714
2021-02-17,"Kigali, Rwanda",12:10:14,43814
2021-02-17,"Los Angeles",11:05:11,39911
2021-02-17,"Tromsø, Norway",07:53:40,28420
2021-02-18,"Tromsø, Norway",08:02:51,28971
2021-02-18,"Torres del Paine, Chile",14:04:24,50664
2021-02-18,"Hong Kong",11:29:29,41369
2021-02-18,"Queenstown, New Zealand",13:43:35,49415
2021-02-18,"New York",10:50:49,39049
2021-02-18,"Anchorage, Alaska",09:27:36,34056
2021-02-18,"Los Angeles",11:07:12,40032
2021-02-18,"Copenhagen",09:56:54,35814
2021-02-18,"Kigali, Rwanda",12:10:07,43807
2021-02-18,"Cape Town",13:10:13,47413
2021-02-18,"Wells, Maine",10:43:36,38616
2021-02-19,"Wells, Maine",10:46:26,38786
2021-02-19,"Kigali, Rwanda",12:10:00,43800
2021-02-19,"Queenstown, New Zealand",13:40:32,49232
2021-02-19,"Hong Kong",11:30:41,41441
2021-02-19,"Anchorage, Alaska",09:33:18,34398
2021-02-19,"Los Angeles",11:09:13,40153
2021-02-19,"Tromsø, Norway",08:11:59,29519
2021-02-19,"New York",10:53:24,39204
2021-02-19,"Torres del Paine, Chile",14:00:35,50435
2021-02-19,"Cape Town",13:08:11,47291
2021-02-19,"Copenhagen",10:01:24,36084
2021-02-20,"Copenhagen",10:05:55,36355
2021-02-20,"Hong Kong",11:31:55,41515
2021-02-20,"New York",10:55:59,39359
2021-02-20,"Queenstown, New Zealand",13:37:27,49047
2021-02-20,"Tromsø, Norway",08:21:04,30064
2021-02-20,"Cape Town",13:06:08,47168
2021-02-20,"Torres del Paine, Chile",13:56:45,50205
2021-02-20,"Wells, Maine",10:49:17,38957
2021-02-20,"Anchorage, Alaska",09:39:01,34741
2021-02-20,"Los Angeles",11:11:14,40274
2021-02-20,"Kigali, Rwanda",12:09:54,43794
2021-02-21,"Copenhagen",10:10:26,36626
2021-02-21,"Torres del Paine, Chile",13:52:55,49975
2021-02-21,"Anchorage, Alaska",09:44:44,35084
2021-02-21,"Cape Town",13:04:05,47045
2021-02-21,"Hong Kong",11:33:08,41588
2021-02-21,"New York",10:58:36,39516
2021-02-21,"Wells, Maine",10:52:08,39128
2021-02-21,"Kigali, Rwanda",12:09:47,43787
2021-02-21,"Queenstown, New Zealand",13:34:23,48863
2021-02-21,"Tromsø, Norway",08:30:07,30607
2021-02-21,"Los Angeles",11:13:16,40396
2021-02-22,"New York",11:01:12,39672
2021-02-22,"Queenstown, New Zealand",13:31:17,48677
2021-02-22,"Tromsø, Norway",08:39:07,31147
2021-02-22,"Kigali, Rwanda",12:09:40,43780
2021-02-22,"Cape Town",13:02:02,46922
2021-02-22,"Wells, Maine",10:55:00,39300
2021-02-22,"Los Angeles",11:15:18,40518
2021-02-22,"Torres del Paine, Chile",13:49:04,49744
2021-02-22,"Anchorage, Alaska",09:50:28,35428
2021-02-22,"Hong Kong",11:34:23,41663
2021-02-22,"Copenhagen",10:14:57,36897
2021-02-23,"Hong Kong",11:35:37,41737
2021-02-23,"Queenstown, New Zealand",13:28:11,48491
2021-02-23,"Kigali, Rwanda",12:09:33,43773
2021-02-23,"Torres del Paine, Chile",13:45:13,49513
2021-02-23,"Wells, Maine",10:57:53,39473
2021-02-23,"Los Angeles",11:17:21,40641
2021-02-23,"New York",11:03:49,39829
2021-02-23,"Anchorage, Alaska",09:56:11,35771
2021-02-23,"Cape Town",12:59:57,46797
2021-02-23,"Tromsø, Norway",08:48:04,31684
2021-02-23,"Copenhagen",10:19:29,37169
2021-02-24,"Los Angeles",11:19:26,40766
2021-02-24,"Copenhagen",10:24:02,37442
2021-02-24,"New York",11:06:27,39987
2021-02-24,"Cape Town",12:57:53,46673
2021-02-24,"Torres del Paine, Chile",13:41:21,49281
2021-02-24,"Tromsø, Norway",08:57:00,32220
2021-02-24,"Queenstown, New Zealand",13:25:04,48304
2021-02-24,"Hong Kong",11:36:51,41811
2021-02-24,"Kigali, Rwanda",12:09:27,43767
2021-02-24,"Wells, Maine",11:00:46,39646
2021-02-24,"Anchorage, Alaska",10:01:55,36115
2021-02-25,"Los Angeles",11:21:29,40889
2021-02-25,"Torres del Paine, Chile",13:37:29,49049
2021-02-25,"Copenhagen",10:28:36,37716
2021-02-25,"Anchorage, Alaska",10:07:40,36460
2021-02-25,"Cape Town",12:55:48,46548
2021-02-25,"Tromsø, Norway",09:05:52,32752
2021-02-25,"Wells, Maine",11:03:39,39819
2021-02-25,"New York",11:09:05,40145
2021-02-25,"Hong Kong",11:38:06,41886
2021-02-25,"Queenstown, New Zealand",13:21:57,48117
2021-02-25,"Kigali, Rwanda",12:09:20,43760
2021-02-26,"Kigali, Rwanda",12:09:13,43753
2021-02-26,"Copenhagen",10:33:10,37990
2021-02-26,"Queenstown, New Zealand",13:18:50,47930
2021-02-26,"Anchorage, Alaska",10:13:24,36804
2021-02-26,"Tromsø, Norway",09:14:44,33284
2021-02-26,"Los Angeles",11:23:34,41014
2021-02-26,"Hong Kong",11:39:22,41962
2021-02-26,"Cape Town",12:53:43,46423
2021-02-26,"Torres del Paine, Chile",13:33:36,48816
2021-02-26,"Wells, Maine",11:06:34,39994
2021-02-26,"New York",11:11:44,40304
2021-02-27,"Wells, Maine",11:09:29,40169
2021-02-27,"Los Angeles",11:25:38,41138
2021-02-27,"New York",11:14:24,40464
2021-02-27,"Hong Kong",11:40:38,42038
2021-02-27,"Torres del Paine, Chile",13:29:43,48583
2021-02-27,"Queenstown, New Zealand",13:15:42,47742
2021-02-27,"Kigali, Rwanda",12:09:06,43746
2021-02-27,"Tromsø, Norway",09:23:32,33812
2021-02-27,"Anchorage, Alaska",10:19:09,37149
2021-02-27,"Cape Town",12:51:38,46298
2021-02-27,"Copenhagen",10:37:44,38264
2021-02-28,"Los Angeles",11:27:44,41264
2021-02-28,"Queenstown, New Zealand",13:12:34,47554
2021-02-28,"Copenhagen",10:42:19,38539
2021-02-28,"Wells, Maine",11:12:24,40344
2021-02-28,"Anchorage, Alaska",10:24:54,37494
2021-02-28,"Kigali, Rwanda",12:08:59,43739
2021-02-28,"Hong Kong",11:41:54,42114
2021-02-28,"Cape Town",12:49:31,46171
2021-02-28,"Tromsø, Norway",09:32:20,34340
2021-02-28,"Torres del Paine, Chile",13:25:50,48350
2021-02-28,"New York",11:17:04,40624
2021-03-01,"New York",11:19:44,40784
2021-03-01,"Copenhagen",10:46:54,38814
2021-03-01,"Queenstown, New Zealand",13:09:25,47365
2021-03-01,"Wells, Maine",11:15:20,40520
2021-03-01,"Torres del Paine, Chile",13:21:56,48116
2021-03-01,"Los Angeles",11:29:49,41389
2021-03-01,"Hong Kong",11:43:10,42190
2021-03-01,"Kigali, Rwanda",12:08:53,43733
2021-03-01,"Cape Town",12:47:25,46045
2021-03-01,"Anchorage, Alaska",10:30:38,37838
2021-03-01,"Tromsø, Norway",09:41:05,34865
2021-03-02,"Copenhagen",10:51:30,39090
2021-03-02,"Wells, Maine",11:18:17,40697
2021-03-02,"Los Angeles",11:31:56,41516
2021-03-02,"New York",11:22:25,40945
2021-03-02,"Queenstown, New Zealand",13:06:16,47176
2021-03-02,"Cape Town",12:45:19,45919
2021-03-02,"Kigali, Rwanda",12:08:45,43725
2021-03-02,"Torres del Paine, Chile",13:18:01,47881
2021-03-02,"Hong Kong",11:44:26,42266
2021-03-02,"Anchorage, Alaska",10:36:23,38183
2021-03-02,"Tromsø, Norway",09:49:49,35389
2021-03-03,"Copenhagen",10:56:06,39366
2021-03-03,"Hong Kong",11:45:43,42343
2021-03-03,"Wells, Maine",11:21:13,40873
2021-03-03,"Torres del Paine, Chile",13:14:07,47647
2021-03-03,"Tromsø, Norway",09:58:31,35911
2021-03-03,"Kigali, Rwanda",12:08:39,43719
2021-03-03,"Anchorage, Alaska",10:42:09,38529
2021-03-03,"Queenstown, New Zealand",13:03:07,46987
2021-03-03,"Cape Town",12:43:13,45793
2021-03-03,"Los Angeles",11:34:02,41642
2021-03-03,"New York",11:25:05,41105
2021-03-04,"Anchorage, Alaska",10:47:54,38874
2021-03-04,"Kigali, Rwanda",12:08:33,43713
2021-03-04,"Copenhagen",11:00:43,39643
2021-03-04,"Queenstown, New Zealand",12:59:57,46797
2021-03-04,"Wells, Maine",11:24:10,41050
2021-03-04,"Cape Town",12:41:05,45665
2021-03-04,"Hong Kong",11:46:59,42419
2021-03-04,"New York",11:27:47,41267
2021-03-04,"Tromsø, Norway",10:07:12,36432
2021-03-04,"Los Angeles",11:36:08,41768
2021-03-04,"Torres del Paine, Chile",13:10:13,47413
2021-03-05,"Queenstown, New Zealand",12:56:48,46608
2021-03-05,"Kigali, Rwanda",12:08:26,43706
2021-03-05,"Anchorage, Alaska",10:53:40,39220
2021-03-05,"Hong Kong",11:48:16,42496
2021-03-05,"Torres del Paine, Chile",13:06:19,47179
2021-03-05,"Cape Town",12:38:58,45538
2021-03-05,"New York",11:30:29,41429
2021-03-05,"Los Angeles",11:38:15,41895
2021-03-05,"Copenhagen",11:05:18,39918
2021-03-05,"Tromsø, Norway",10:15:52,36952
2021-03-05,"Wells, Maine",11:27:07,41227
2021-03-06,"Torres del Paine, Chile",13:02:23,46943
2021-03-06,"Anchorage, Alaska",10:59:25,39565
2021-03-06,"Hong Kong",11:49:34,42574
2021-03-06,"Wells, Maine",11:30:04,41404
2021-03-06,"Copenhagen",11:09:56,40196
2021-03-06,"Cape Town",12:36:51,45411
2021-03-06,"Los Angeles",11:40:21,42021
2021-03-06,"Tromsø, Norway",10:24:30,37470
2021-03-06,"Queenstown, New Zealand",12:53:37,46417
2021-03-06,"New York",11:33:10,41590
2021-03-06,"Kigali, Rwanda",12:08:19,43699
2021-03-07,"Wells, Maine",11:33:02,41582
2021-03-07,"Los Angeles",11:42:29,42149
2021-03-07,"Cape Town",12:34:43,45283
2021-03-07,"Copenhagen",11:14:33,40473
2021-03-07,"New York",11:35:52,41752
2021-03-07,"Tromsø, Norway",10:33:08,37988
2021-03-07,"Torres del Paine, Chile",12:58:28,46708
2021-03-07,"Queenstown, New Zealand",12:50:28,46228
2021-03-07,"Kigali, Rwanda",12:08:12,43692
2021-03-07,"Anchorage, Alaska",11:05:10,39910
2021-03-07,"Hong Kong",11:50:51,42651
2021-03-08,"Kigali, Rwanda",12:08:05,43685
2021-03-08,"Copenhagen",11:19:09,40749
2021-03-08,"Anchorage, Alaska",11:10:56,40256
2021-03-08,"Wells, Maine",11:36:00,41760
2021-03-08,"Tromsø, Norway",10:41:44,38504
2021-03-08,"New York",11:38:35,41915
2021-03-08,"Torres del Paine, Chile",12:54:34,46474
2021-03-08,"Los Angeles",11:44:36,42276
2021-03-08,"Cape Town",12:32:35,45155
2021-03-08,"Hong Kong",11:52:08,42728
2021-03-08,"Queenstown, New Zealand",12:47:17,46037
2021-03-09,"Kigali, Rwanda",12:07:59,43679
2021-03-09,"Anchorage, Alaska",11:16:42,40602
2021-03-09,"Los Angeles",11:46:44,42404
2021-03-09,"Hong Kong",11:53:26,42806
2021-03-09,"Torres del Paine, Chile",12:50:39,46239
2021-03-09,"Copenhagen",11:23:47,41027
2021-03-09,"Wells, Maine",11:38:59,41939
2021-03-09,"Cape Town",12:30:28,45028
2021-03-09,"New York",11:41:17,42077
2021-03-09,"Queenstown, New Zealand",12:44:07,45847
2021-03-09,"Tromsø, Norway",10:50:20,39020
2021-03-10,"Queenstown, New Zealand",12:40:56,45656
2021-03-10,"Wells, Maine",11:41:56,42116
2021-03-10,"Anchorage, Alaska",11:22:27,40947
2021-03-10,"Los Angeles",11:48:52,42532
2021-03-10,"Kigali, Rwanda",12:07:52,43672
2021-03-10,"Hong Kong",11:54:44,42884
2021-03-10,"Copenhagen",11:28:24,41304
2021-03-10,"Torres del Paine, Chile",12:46:44,46004
2021-03-10,"Cape Town",12:28:20,44900
2021-03-10,"Tromsø, Norway",10:58:55,39535
2021-03-10,"New York",11:44:00,42240
2021-03-11,"Tromsø, Norway",11:07:29,40049
2021-03-11,"New York",11:46:42,42402
2021-03-11,"Los Angeles",11:51:00,42660
2021-03-11,"Torres del Paine, Chile",12:42:49,45769
2021-03-11,"Hong Kong",11:56:01,42961
2021-03-11,"Wells, Maine",11:44:56,42296
2021-03-11,"Kigali, Rwanda",12:07:45,43665
2021-03-11,"Anchorage, Alaska",11:28:12,41292
2021-03-11,"Cape Town",12:26:12,44772
2021-03-11,"Queenstown, New Zealand",12:37:46,45466
2021-03-11,"Copenhagen",11:33:02,41582
2021-03-12,"Copenhagen",11:37:40,41860
2021-03-12,"Los Angeles",11:53:08,42788
2021-03-12,"Torres del Paine, Chile",12:38:54,45534
2021-03-12,"Queenstown, New Zealand",12:34:35,45275
2021-03-12,"Anchorage, Alaska",11:33:58,41638
2021-03-12,"Kigali, Rwanda",12:07:38,43658
2021-03-12,"Cape Town",12:24:04,44644
2021-03-12,"Tromsø, Norway",11:16:02,40562
2021-03-12,"New York",11:49:26,42566
2021-03-12,"Hong Kong",11:57:19,43039
2021-03-12,"Wells, Maine",11:47:54,42474
2021-03-13,"Kigali, Rwanda",12:07:31,43651
2021-03-13,"New York",11:52:09,42729
2021-03-13,"Anchorage, Alaska",11:39:43,41983
2021-03-13,"Cape Town",12:21:57,44517
2021-03-13,"Torres del Paine, Chile",12:34:59,45299
2021-03-13,"Copenhagen",11:42:17,42137
2021-03-13,"Los Angeles",11:55:15,42915
2021-03-13,"Wells, Maine",11:50:53,42653
2021-03-13,"Hong Kong",11:58:38,43118
2021-03-13,"Tromsø, Norway",11:24:35,41075
2021-03-13,"Queenstown, New Zealand",12:31:24,45084
2021-03-14,"Kigali, Rwanda",12:07:25,43645
2021-03-14,"New York",11:54:52,42892
2021-03-14,"Hong Kong",11:59:55,43195
2021-03-14,"Copenhagen",11:46:56,42416
2021-03-14,"Los Angeles",11:57:23,43043
2021-03-14,"Wells, Maine",11:53:51,42831
2021-03-14,"Torres del Paine, Chile",12:31:05,45065
2021-03-14,"Queenstown, New Zealand",12:28:14,44894
2021-03-14,"Anchorage, Alaska",11:45:29,42329
2021-03-14,"Cape Town",12:19:49,44389
2021-03-14,"Tromsø, Norway",11:33:07,41587
2021-03-15,"Wells, Maine",11:56:50,43010
2021-03-15,"Torres del Paine, Chile",12:27:10,44830
2021-03-15,"Queenstown, New Zealand",12:25:03,44703
2021-03-15,"Copenhagen",11:51:34,42694
2021-03-15,"Los Angeles",11:59:31,43171
2021-03-15,"Tromsø, Norway",11:41:39,42099
2021-03-15,"Cape Town",12:17:41,44261
2021-03-15,"New York",11:57:35,43055
2021-03-15,"Hong Kong",12:01:14,43274
2021-03-15,"Anchorage, Alaska",11:51:15,42675
2021-03-15,"Kigali, Rwanda",12:07:18,43638
2021-03-16,"Anchorage, Alaska",11:56:59,43019
2021-03-16,"Cape Town",12:15:33,44133
2021-03-16,"Queenstown, New Zealand",12:21:53,44513
2021-03-16,"New York",12:00:19,43219
2021-03-16,"Wells, Maine",11:59:49,43189
2021-03-16,"Tromsø, Norway",11:50:11,42611
2021-03-16,"Hong Kong",12:02:32,43352
2021-03-16,"Torres del Paine, Chile",12:23:15,44595
2021-03-16,"Kigali, Rwanda",12:07:12,43632
2021-03-16,"Copenhagen",11:56:12,42972
2021-03-16,"Los Angeles",12:01:40,43300
2021-03-17,"Copenhagen",12:00:49,43249
2021-03-17,"Wells, Maine",12:02:48,43368
2021-03-17,"Torres del Paine, Chile",12:19:21,44361
2021-03-17,"Queenstown, New Zealand",12:18:43,44323
2021-03-17,"Cape Town",12:13:25,44005
2021-03-17,"Tromsø, Norway",11:58:43,43123
2021-03-17,"New York",12:03:02,43382
2021-03-17,"Los Angeles",12:03:48,43428
2021-03-17,"Kigali, Rwanda",12:07:05,43625
2021-03-17,"Anchorage, Alaska",12:02:46,43366
2021-03-17,"Hong Kong",12:03:49,43429
2021-03-18,"Anchorage, Alaska",12:08:31,43711
2021-03-18,"Kigali, Rwanda",12:06:58,43618
2021-03-18,"Cape Town",12:11:17,43877
2021-03-18,"Torres del Paine, Chile",12:15:27,44127
2021-03-18,"Wells, Maine",12:05:47,43547
2021-03-18,"Queenstown, New Zealand",12:15:32,44132
2021-03-18,"Hong Kong",12:05:08,43508
2021-03-18,"Los Angeles",12:05:57,43557
2021-03-18,"Copenhagen",12:05:28,43528
2021-03-18,"Tromsø, Norway",12:07:15,43635
2021-03-18,"New York",12:05:45,43545
2021-03-19,"Los Angeles",12:08:04,43684
2021-03-19,"New York",12:08:28,43708
2021-03-19,"Queenstown, New Zealand",12:12:22,43942
2021-03-19,"Kigali, Rwanda",12:06:52,43612
2021-03-19,"Anchorage, Alaska",12:14:16,44056
2021-03-19,"Tromsø, Norway",12:15:46,44146
2021-03-19,"Cape Town",12:09:09,43749
2021-03-19,"Hong Kong",12:06:27,43587
2021-03-19,"Wells, Maine",12:08:46,43726
2021-03-19,"Copenhagen",12:10:05,43805
2021-03-19,"Torres del Paine, Chile",12:11:33,43893
2021-03-20,"Los Angeles",12:10:12,43812
2021-03-20,"Hong Kong",12:07:44,43664
2021-03-20,"New York",12:11:11,43871
2021-03-20,"Kigali, Rwanda",12:06:45,43605
2021-03-20,"Torres del Paine, Chile",12:07:39,43659
2021-03-20,"Tromsø, Norway",12:24:18,44658
2021-03-20,"Wells, Maine",12:11:45,43905
2021-03-20,"Anchorage, Alaska",12:20:02,44402
2021-03-20,"Copenhagen",12:14:43,44083
2021-03-20,"Queenstown, New Zealand",12:09:12,43752
2021-03-20,"Cape Town",12:07:01,43621
2021-03-21,"Wells, Maine",12:14:44,44084
2021-03-21,"Torres del Paine, Chile",12:03:45,43425
2021-03-21,"Kigali, Rwanda",12:06:38,43598
2021-03-21,"Hong Kong",12:09:02,43742
2021-03-21,"New York",12:13:55,44035
2021-03-21,"Copenhagen",12:19:21,44361
2021-03-21,"Tromsø, Norway",12:32:50,45170
2021-03-21,"Queenstown, New Zealand",12:06:02,43562
2021-03-21,"Anchorage, Alaska",12:25:47,44747
2021-03-21,"Cape Town",12:04:54,43494
2021-03-21,"Los Angeles",12:12:21,43941
2021-03-22,"Queenstown, New Zealand",12:02:52,43372
2021-03-22,"Tromsø, Norway",12:41:22,45682
2021-03-22,"Copenhagen",12:23:59,44639
2021-03-22,"Wells, Maine",12:17:43,44263
2021-03-22,"Cape Town",12:02:47,43367
2021-03-22,"Los Angeles",12:14:29,44069
2021-03-22,"Torres del Paine, Chile",11:59:53,43193
2021-03-22,"Hong Kong",12:10:20,43820
2021-03-22,"Kigali, Rwanda",12:06:32,43592
2021-03-22,"New York",12:16:37,44197
2021-03-22,"Anchorage, Alaska",12:31:32,45092
2021-03-23,"Torres del Paine, Chile",11:55:59,42959
2021-03-23,"Los Angeles",12:16:37,44197
2021-03-23,"Copenhagen",12:28:36,44916
2021-03-23,"Cape Town",12:00:39,43239
2021-03-23,"Queenstown, New Zealand",11:59:42,43182
2021-03-23,"Tromsø, Norway",12:49:55,46195
2021-03-23,"New York",12:19:21,44361
2021-03-23,"Hong Kong",12:11:38,43898
2021-03-23,"Kigali, Rwanda",12:06:26,43586
2021-03-23,"Anchorage, Alaska",12:37:18,45438
2021-03-23,"Wells, Maine",12:20:41,44441
2021-03-24,"Kigali, Rwanda",12:06:20,43580
2021-03-24,"Anchorage, Alaska",12:43:02,45782
2021-03-24,"Los Angeles",12:18:44,44324
2021-03-24,"Cape Town",11:58:33,43113
2021-03-24,"New York",12:22:04,44524
2021-03-24,"Hong Kong",12:12:56,43976
2021-03-24,"Queenstown, New Zealand",11:56:34,42994
2021-03-24,"Torres del Paine, Chile",11:52:06,42726
2021-03-24,"Wells, Maine",12:23:40,44620
2021-03-24,"Tromsø, Norway",12:58:28,46708
2021-03-24,"Copenhagen",12:33:14,45194
2021-03-25,"Copenhagen",12:37:51,45471
2021-03-25,"Tromsø, Norway",13:07:02,47222
2021-03-25,"Anchorage, Alaska",12:48:48,46128
2021-03-25,"Cape Town",11:56:25,42985
2021-03-25,"Hong Kong",12:14:14,44054
2021-03-25,"Los Angeles",12:20:52,44452
2021-03-25,"Wells, Maine",12:26:38,44798
2021-03-25,"New York",12:24:46,44686
2021-03-25,"Kigali, Rwanda",12:06:13,43573
2021-03-25,"Queenstown, New Zealand",11:53:24,42804
2021-03-25,"Torres del Paine, Chile",11:48:14,42494
2021-03-26,"Copenhagen",12:42:29,45749
2021-03-26,"Hong Kong",12:15:33,44133
2021-03-26,"Tromsø, Norway",13:15:37,47737
2021-03-26,"Anchorage, Alaska",12:54:33,46473
2021-03-26,"Wells, Maine",12:29:36,44976
2021-03-26,"Cape Town",11:54:19,42859
2021-03-26,"Kigali, Rwanda",12:06:07,43567
2021-03-26,"Los Angeles",12:23:00,44580
2021-03-26,"Torres del Paine, Chile",11:44:22,42262
2021-03-26,"Queenstown, New Zealand",11:50:16,42616
2021-03-26,"New York",12:27:28,44848
2021-03-27,"Los Angeles",12:25:07,44707
2021-03-27,"Queenstown, New Zealand",11:47:07,42427
2021-03-27,"New York",12:30:11,45011
2021-03-27,"Tromsø, Norway",13:24:13,48253
2021-03-27,"Cape Town",11:52:12,42732
2021-03-27,"Copenhagen",12:47:06,46026
2021-03-27,"Hong Kong",12:16:51,44211
2021-03-27,"Anchorage, Alaska",13:00:19,46819
2021-03-27,"Torres del Paine, Chile",11:40:30,42030
2021-03-27,"Wells, Maine",12:32:34,45154
2021-03-27,"Kigali, Rwanda",12:06:00,43560
2021-03-28,"Los Angeles",12:27:15,44835
2021-03-28,"Hong Kong",12:18:07,44287
2021-03-28,"Anchorage, Alaska",13:06:04,47164
2021-03-28,"Wells, Maine",12:35:32,45332
2021-03-28,"Copenhagen",12:51:43,46303
2021-03-28,"Torres del Paine, Chile",11:36:38,41798
2021-03-28,"New York",12:32:53,45173
2021-03-28,"Kigali, Rwanda",12:05:53,43553
2021-03-28,"Cape Town",11:50:06,42606
2021-03-28,"Tromsø, Norway",13:32:49,48769
2021-03-28,"Queenstown, New Zealand",11:43:59,42239
2021-03-29,"Torres del Paine, Chile",11:32:47,41567
2021-03-29,"Cape Town",11:48:00,42480
2021-03-29,"New York",12:35:35,45335
2021-03-29,"Queenstown, New Zealand",11:40:51,42051
2021-03-29,"Kigali, Rwanda",12:05:47,43547
2021-03-29,"Wells, Maine",12:38:29,45509
2021-03-29,"Anchorage, Alaska",13:11:49,47509
2021-03-29,"Los Angeles",12:29:21,44961
2021-03-29,"Copenhagen",12:56:19,46579
2021-03-29,"Hong Kong",12:19:25,44365
2021-03-29,"Tromsø, Norway",13:41:27,49287
2021-03-30,"Wells, Maine",12:41:26,45686
2021-03-30,"Cape Town",11:45:54,42354
2021-03-30,"Anchorage, Alaska",13:17:34,47854
2021-03-30,"Torres del Paine, Chile",11:28:56,41336
2021-03-30,"New York",12:38:16,45496
2021-03-30,"Queenstown, New Zealand",11:37:44,41864
2021-03-30,"Tromsø, Norway",13:50:05,49805
2021-03-30,"Kigali, Rwanda",12:05:41,43541
2021-03-30,"Los Angeles",12:31:29,45089
2021-03-30,"Copenhagen",13:00:56,46856
2021-03-30,"Hong Kong",12:20:43,44443
2021-03-31,"Kigali, Rwanda",12:05:35,43535
2021-03-31,"Wells, Maine",12:44:24,45864
2021-03-31,"Copenhagen",13:05:33,47133
2021-03-31,"Anchorage, Alaska",13:23:20,48200
2021-03-31,"Hong Kong",12:21:59,44519
2021-03-31,"Torres del Paine, Chile",11:25:06,41106
2021-03-31,"New York",12:40:58,45658
2021-03-31,"Tromsø, Norway",13:58:45,50325
2021-03-31,"Queenstown, New Zealand",11:34:37,41677
2021-03-31,"Los Angeles",12:33:35,45215
2021-03-31,"Cape Town",11:43:49,42229
2021-04-01,"Los Angeles",12:35:42,45342
2021-04-01,"New York",12:43:39,45819
2021-04-01,"Wells, Maine",12:47:20,46040
2021-04-01,"Anchorage, Alaska",13:29:04,48544
2021-04-01,"Hong Kong",12:23:17,44597
2021-04-01,"Cape Town",11:41:43,42103
2021-04-01,"Torres del Paine, Chile",11:21:17,40877
2021-04-01,"Kigali, Rwanda",12:05:29,43529
2021-04-01,"Queenstown, New Zealand",11:31:30,41490
2021-04-01,"Copenhagen",13:10:09,47409
2021-04-01,"Tromsø, Norway",14:07:26,50846
2021-04-02,"Kigali, Rwanda",12:05:22,43522
2021-04-02,"Torres del Paine, Chile",11:17:27,40647
2021-04-02,"Wells, Maine",12:50:17,46217
2021-04-02,"Cape Town",11:39:39,41979
2021-04-02,"New York",12:46:19,45979
2021-04-02,"Anchorage, Alaska",13:34:49,48889
2021-04-02,"Tromsø, Norway",14:16:09,51369
2021-04-02,"Queenstown, New Zealand",11:28:24,41304
2021-04-02,"Los Angeles",12:37:47,45467
2021-04-02,"Copenhagen",13:14:44,47684
2021-04-02,"Hong Kong",12:24:34,44674
2021-04-03,"Hong Kong",12:25:51,44751
2021-04-03,"Queenstown, New Zealand",11:25:18,41118
2021-04-03,"Cape Town",11:37:35,41855
2021-04-03,"Anchorage, Alaska",13:40:34,49234
2021-04-03,"New York",12:49:00,46140
2021-04-03,"Los Angeles",12:39:54,45594
2021-04-03,"Tromsø, Norway",14:24:54,51894
2021-04-03,"Copenhagen",13:19:19,47959
2021-04-03,"Wells, Maine",12:53:12,46392
2021-04-03,"Torres del Paine, Chile",11:13:39,40419
2021-04-03,"Kigali, Rwanda",12:05:17,43517
2021-04-04,"Hong Kong",12:27:07,44827
2021-04-04,"Torres del Paine, Chile",11:09:50,40190
2021-04-04,"Queenstown, New Zealand",11:22:12,40932
2021-04-04,"Cape Town",11:35:30,41730
2021-04-04,"New York",12:51:40,46300
2021-04-04,"Los Angeles",12:41:59,45719
2021-04-04,"Wells, Maine",12:56:08,46568
2021-04-04,"Anchorage, Alaska",13:46:19,49579
2021-04-04,"Tromsø, Norway",14:33:39,52419
2021-04-04,"Copenhagen",13:23:55,48235
2021-04-04,"Kigali, Rwanda",12:05:10,43510
2021-04-05,"Los Angeles",12:44:04,45844
2021-04-05,"Hong Kong",12:28:24,44904
2021-04-05,"Tromsø, Norway",14:42:27,52947
2021-04-05,"Kigali, Rwanda",12:05:04,43504
2021-04-05,"Torres del Paine, Chile",11:06:02,39962
2021-04-05,"Copenhagen",13:28:30,48510
2021-04-05,"Cape Town",11:33:27,41607
2021-04-05,"New York",12:54:20,46460
2021-04-05,"Queenstown, New Zealand",11:19:08,40748
2021-04-05,"Wells, Maine",12:59:03,46743
2021-04-05,"Anchorage, Alaska",13:52:04,49924
2021-04-06,"Torres del Paine, Chile",11:02:16,39736
2021-04-06,"Kigali, Rwanda",12:04:58,43498
2021-04-06,"Copenhagen",13:33:04,48784
2021-04-06,"Wells, Maine",13:01:58,46918
2021-04-06,"Cape Town",11:31:24,41484
2021-04-06,"Queenstown, New Zealand",11:16:04,40564
2021-04-06,"Los Angeles",12:46:08,45968
2021-04-06,"New York",12:56:59,46619
2021-04-06,"Tromsø, Norway",14:51:17,53477
2021-04-06,"Hong Kong",12:29:40,44980
2021-04-06,"Anchorage, Alaska",13:57:48,50268
2021-04-07,"Wells, Maine",13:04:52,47092
2021-04-07,"Tromsø, Norway",15:00:10,54010
2021-04-07,"Copenhagen",13:37:39,49059
2021-04-07,"Hong Kong",12:30:56,45056
2021-04-07,"New York",12:59:38,46778
2021-04-07,"Cape Town",11:29:21,41361
2021-04-07,"Kigali, Rwanda",12:04:53,43493
2021-04-07,"Los Angeles",12:48:13,46093
2021-04-07,"Torres del Paine, Chile",10:58:29,39509
2021-04-07,"Anchorage, Alaska",14:03:33,50613
2021-04-07,"Queenstown, New Zealand",11:13:00,40380
2021-04-08,"Kigali, Rwanda",12:04:46,43486
2021-04-08,"Anchorage, Alaska",14:09:18,50958
2021-04-08,"Queenstown, New Zealand",11:09:57,40197
2021-04-08,"Copenhagen",13:42:12,49332
2021-04-08,"Torres del Paine, Chile",10:54:44,39284
2021-04-08,"Cape Town",11:27:18,41238
2021-04-08,"New York",13:02:16,46936
2021-04-08,"Wells, Maine",13:07:46,47266
2021-04-08,"Hong Kong",12:32:11,45131
2021-04-08,"Tromsø, Norway",15:09:05,54545
2021-04-08,"Los Angeles",12:50:17,46217
2021-04-09,"Wells, Maine",13:10:39,47439
2021-04-09,"Los Angeles",12:52:21,46341
2021-04-09,"Cape Town",11:25:17,41117
2021-04-09,"Torres del Paine, Chile",10:50:58,39058
2021-04-09,"Anchorage, Alaska",14:15:02,51302
2021-04-09,"Kigali, Rwanda",12:04:40,43480
2021-04-09,"Tromsø, Norway",15:18:02,55082
2021-04-09,"Copenhagen",13:46:45,49605
2021-04-09,"Queenstown, New Zealand",11:06:54,40014
2021-04-09,"New York",13:04:55,47095
2021-04-09,"Hong Kong",12:33:26,45206